patron_id,first_name,last_name
1,Jennifer,Slayny
2,Susan,Traviss
3,Vincent,Ritelli
4,Tasia,Laybourne
5,Wren,Gergler
6,Tory,Lees
7,Estelle,"Di Lorio"
8,Dorian,Betje
9,Frank,Jelk
10,Chris,Endon
11,Gillie,Fritz
12,Leisha,Defty
13,Erika,Bompass
14,Gabe,Moxstead
15,Blake,Teresse
16,Joshua,Tinmouth
17,Tasha,Coldtart
18,Neil,Davie
19,Emmeline,Pitherick
20,Josiah,Staner
21,James,Greetham
22,Isaac,Barstowk
23,Dean,Nelane
24,Carolina,Cranmere
25,Champ,Lardiner
26,Abbie,Quaif
27,Camile,Milbourne
28,Quentin,Crose
29,Silvano,Horlick
30,Phyllis,Cicchillo
31,Jerrie,Brownhall
32,Ludovika,Leist
33,Tara,Knatt
34,Keslie,Parkeson
35,Jodi,Leopard
36,Rosanna,Cultcheth
37,Remy,Fairpool
38,Megan,Blyth
39,Rikki,McLernon
40,Clarie,Haacker
41,Dorry,Chettle
42,Sybil,Costanza
43,Jonas,Sinclaire
44,Claire,Bendel
45,Kathleen,Welband
46,Kylie,Crannage
